neighborhood_name,centroid_lat,centroid_lon
011,43.64605146434,-79.60788427361801
001,43.72957091602591,-79.62581455299788
001,43.73755880223361,-79.62908982622348
001,43.74641433959391,-79.632625549526
001,43.750802457945994,-79.63538108296189
011,43.64460056114171,-79.59936173939217
011,43.64861855508367,-79.60207438566168
001,43.70269742458095,-79.61011466275696
001,43.7099987724922,-79.61308015420414
001,43.71910925489004,-79.61664758694069
001,43.72836091684939,-79.61981499838699
001,43.73805876277702,-79.621959495877
001,43.74784023878434,-79.62403861278514
001,43.75295146841205,-79.62469371772556
012,43.628444874416815,-79.58366578745259
012,43.63203803762424,-79.58485650113205
011,43.63821837267858,-79.58570234503973
011,43.64470470702525,-79.59063324378103
011,43.65208048061543,-79.59343061912043
011,43.65906910459956,-79.59272062296014
001,43.67498133421923,-79.59399959828104
001,43.68268778018751,-79.59694686781086
001,43.691870760581786,-79.60045733621722
001,43.70114516624592,-79.60375485363394
001,43.71079345166318,-79.60594066914511
001,43.72057492767052,-79.60801978605328
001,43.73035640367785,-79.61009890296145
001,43.74013787968519,-79.61217801986963
001,43.749919355692526,-79.61425713677781
001,43.75504500739467,-79.61510377820024
012,43.62811479668689,-79.57679836439661
012,43.63461828007568,-79.57952248371964
011,43.63840846247581,-79.58528950269576
013,43.648840870538656,-79.57791067430972
012,43.64143006541782,-79.57941254078878
011,43.64522025874027,-79.58249209423894
013,43.65089809198249,-79.57859785880261
011,43.654251542032135,-79.58378950192498
011,43.663838705255934,-79.58539484917972
011,43.66988317679411,-79.58586533983338
001,43.67445469329573,-79.58810515894886
001,43.68352814054935,-79.58992184241323
001,43.69330961655668,-79.59200095932142
001,43.703091092564016,-79.59408007622957
001,43.71287256857137,-79.59615919313777
001,43.7226540445787,-79.59823831004594
001,43.73243552058604,-79.60031742695412
001,43.74221699659337,-79.60239654386228
002,43.756322362511234,-79.60107370487556
001,43.751765326781,-79.60465909555074
002,43.75792330175759,-79.60192229926379
001,43.75687326440824,-79.60671632581426
020,43.60338478116431,-79.55766782500817
159,43.60939033895861,-79.56216935915363
020,43.604914191512876,-79.55848137333484
159,43.617294122296286,-79.56380826919506
159,43.62421838281486,-79.56362429568229
012,43.629540141427604,-79.56815711979132
013,43.639392673721396,-79.56784130040046
012,43.63551931660331,-79.57057929565033
013,43.64684637264596,-79.5714181120257
012,43.641423527410225,-79.57514714037545
011,43.644232370086584,-79.57488834730172
013,43.652146577829335,-79.57292619810889
011,43.657011754791135,-79.57408074132056
011,43.66604430544286,-79.57598213258953
011,43.672955328578894,-79.57757381126015
007,43.67747484484425,-79.5748416574961
001,43.67751177134138,-79.58032527533682
007,43.68217288480284,-79.57471909847942
001,43.6856402080284,-79.58019237994404
001,43.695388733464874,-79.58221948331406
001,43.70517020947221,-79.58429860022224
001,43.714951685479534,-79.5863777171304
002,43.729524457049074,-79.58632135801301
001,43.72444276067046,-79.58858626541539
002,43.73539991942774,-79.58825763122708
001,43.733600208761665,-79.59288928149005
002,43.744815558463955,-79.59150995146335
001,43.74269376252331,-79.59602406018368
002,43.75420149327897,-79.59458449977019
001,43.74978605878574,-79.59849323401653
002,43.759295706171194,-79.59563081367477
019,43.583739356088145,-79.54379914585715
020,43.59303560462244,-79.54734998468469
019,43.58865484839959,-79.54579826853904
020,43.60023701082381,-79.55087031448086
159,43.6117851047126,-79.55532731076005
020,43.60776464486323,-79.55258828467679
159,43.619216042314356,-79.55580507204128
159,43.627951812621774,-79.55677627468106
158,43.6339469832614,-79.55505112060618
012,43.63056274018773,-79.56049224454449
159,43.63546856003962,-79.55792875986471
158,43.639973906119565,-79.55779621012887
013,43.63927990196026,-79.56290333067828
012,43.6345969585812,-79.56174690890612
158,43.649087617619784,-79.56082609197527
013,43.647105559285116,-79.56539946009673
158,43.65446007503121,-79.56257660120528
013,43.65329934585086,-79.56751486659014
011,43.659185920958755,-79.5643234978795
011,43.66808287938137,-79.56623179291154
010,43.67313025061993,-79.56235549537773
011,43.673410750566575,-79.56836723216765
010,43.67427301827391,-79.56273586556944
007,43.67847167918008,-79.56829245081244
007,43.6866204310671,-79.56905813252789
006,43.69275443646629,-79.56768857687514
001,43.68934722926139,-79.57316958197153
006,43.6939560760785,-79.56723860714878
001,43.69751783130804,-79.57251200718812
001,43.707249326380385,-79.57451712421489
001,43.71703080238772,-79.57659624112308
004,43.730113073128855,-79.57493055707404
002,43.729838668518674,-79.58180883434822
001,43.72604248183403,-79.57854468026963
004,43.73343437293787,-79.57604381851306
003,43.73853230289981,-79.57788390597283
002,43.73624032253394,-79.58253002582431
001,43.732667739066066,-79.57872942965369
003,43.7431830264507,-79.57985318380557
002,43.74668455782103,-79.58326604474553
021,43.751636483053154,-79.57946694340028
002,43.75643511397244,-79.58615367902868
021,43.75546674760055,-79.58183729516057
002,43.761445592931096,-79.58585510330094
019,43.5852846371978,-79.54174414047834
020,43.59536865112036,-79.54144022137542
019,43.59094150069888,-79.53932111815395
020,43.60173220720786,-79.5418653622176
159,43.61555331654476,-79.54457093095873
020,43.61061443079523,-79.54380502628914
159,43.621295159222534,-79.54602359603396
159,43.62958519473343,-79.54844587959957
158,43.63404685030281,-79.54741929393825
158,43.64085811123721,-79.55018182985032
158,43.65063958724454,-79.5522609467585
158,43.65649069289116,-79.55342810940832
011,43.660093404534045,-79.5580471457209
010,43.66178949836933,-79.55338007451705
011,43.666773833136126,-79.56025698638511
010,43.670416131987686,-79.55618010280473
010,43.6754143203317,-79.55732093341008
007,43.68025679544332,-79.55857074433364
006,43.68577735275563,-79.55469320583492
007,43.68897125706946,-79.56097099888855
006,43.69277652776868,-79.55908528866962
006,43.69784860375921,-79.56107158031232
001,43.701339728797876,-79.56432957661539
004,43.713489144433474,-79.5639713517113
001,43.7086045824316,-79.56486861649825
004,43.71953504459604,-79.56601403462444
001,43.71717899272181,-79.57045169816364
004,43.728552980667686,-79.56913691241529
003,43.733042754319214,-79.56589950827676
001,43.72377866685156,-79.57272500743255
004,43.734572985530484,-79.57200353223047
003,43.73944156462511,-79.57077978280387
003,43.744452109837646,-79.5721390163693
002,43.74737947120552,-79.5750505380748
022,43.74625043113999,-79.56785657347773
021,43.7505455850409,-79.57216311671986
002,43.76158177306937,-79.57964382434719
021,43.75809964486725,-79.57494757255853
002,43.76254380866327,-79.58061498691859
021,43.76369577575148,-79.57566156579527
019,43.58871636011994,-79.5293289038836
020,43.597816954420786,-79.53448611423286
019,43.59394566658757,-79.5299020632219
160,43.60139102603336,-79.5265505288191
020,43.60398157797405,-79.53226126238059
019,43.60002491155192,-79.5281755359573
018,43.60125085497968,-79.52650895021698
160,43.616482426744376,-79.52981367189244
159,43.61738930800063,-79.53491417046445
020,43.61245928493787,-79.53396969249162
159,43.62337427613072,-79.53624212002661
159,43.63269581594674,-79.53774964665817
158,43.63602167127223,-79.54188288644536
159,43.64001844125343,-79.53600534849166
158,43.643149804140016,-79.54072044320489
158,43.65217421780549,-79.54283890955703
010,43.65648889241128,-79.53999060767394
158,43.658198673623126,-79.5456692100029
010,43.66310971445328,-79.54440120968039
010,43.6722816561674,-79.5466377045675
010,43.677553732961,-79.54760095578881
007,43.682396624184214,-79.54878480292959
006,43.68597646204218,-79.5538959386746
007,43.687427763459546,-79.54847274967075
006,43.69196504663152,-79.55085928705559
006,43.701590524544265,-79.55282242442516
001,43.70520965597052,-79.55817900274546
006,43.70799401348791,-79.55245673237087
005,43.713626659548105,-79.55230704073041
004,43.71479252940881,-79.55800752246714
001,43.710381615711796,-79.5567708892117
005,43.721937183865066,-79.55513387152766
004,43.72011562681865,-79.55975848996532
005,43.72768089932874,-79.55766568972642
004,43.727691924136096,-79.56234538863956
003,43.732449125501255,-79.55891936760895
003,43.739618566996434,-79.56174371585448
022,43.74329412182359,-79.55995301761416
003,43.745337925655846,-79.56611746206056
022,43.74686615686916,-79.56184165634558
021,43.75154575818632,-79.56350536045622
021,43.76031494023342,-79.56534975674109
021,43.765679960738716,-79.56646840191891
019,43.590473691702464,-79.52111038565002
018,43.5902845126982,-79.51585376248005
019,43.59483198844225,-79.52307029028366
018,43.596857788709755,-79.51855380393907
160,43.60743772126179,-79.52205543635456
020,43.605739674659546,-79.52652927655119
019,43.600551124740676,-79.52513124351027
018,43.60272244820502,-79.52053800077758
160,43.61459007257595,-79.52398881405695
159,43.61938553516684,-79.52510554211634
020,43.61158938563981,-79.52827183614366
159,43.625453393038896,-79.52646064401927
159,43.63523486904623,-79.52853976092743
159,43.6434112033635,-79.5295404566502
158,43.647385425744126,-79.53221064802361
015,43.650936821784164,-79.52677671674707
010,43.650937399817465,-79.5267984764999
158,43.65090241058467,-79.53419303904406
015,43.650949740604034,-79.5267745314391
010,43.655394172190555,-79.53265614247198
009,43.65818868592953,-79.52882125999349
010,43.664085297995825,-79.53595279825592
009,43.66601774359926,-79.53135369972365
010,43.67354406395933,-79.53905390458384
009,43.675276916999316,-79.53439098420886
010,43.67902691897027,-79.54084567690575
009,43.68005295408107,-79.53599920091543
007,43.68452559440674,-79.53901298957338
007,43.68993833336893,-79.53806198495569
006,43.69418163763917,-79.5412055304146
006,43.70370482497281,-79.54309382600844
023,43.709565641386,-79.53924935006033
006,43.709992519204896,-79.54438045282816
005,43.71454879717023,-79.54582316285378
023,43.71771909308017,-79.54224400685729
005,43.723357546897056,-79.5473874882662
023,43.71997704332347,-79.54225681411859
005,43.72978276846616,-79.54855401303135
003,43.733904023346724,-79.55217513816055
023,43.730871110629906,-79.54415814891897
022,43.735187769917516,-79.54723955076514
003,43.74055807797194,-79.55195880883369
022,43.74492099822304,-79.55090549784597
022,43.748774111385735,-79.55265815721233
021,43.75366090052764,-79.55371611830488
021,43.762394057141606,-79.55556828073374
021,43.76772182124861,-79.5567718247449
018,43.5904443285165,-79.51136437331446
018,43.59827542847485,-79.5104711338771
160,43.61043257784148,-79.5135390187197
018,43.605847405004354,-79.51164374637996
160,43.61647791760655,-79.51434660550207
159,43.62100696313025,-79.51703233994725
016,43.62207255893286,-79.51217019388702
159,43.626764710585164,-79.51890940823816
016,43.62838642609628,-79.51419878386122
159,43.63622416757041,-79.52182245885956
016,43.637894552512634,-79.51712594110793
159,43.64398666911449,-79.52425436555917
158,43.64730127576618,-79.52265804251672
016,43.64403761152916,-79.51901233472832
015,43.64982202983159,-79.51986936596157
015,43.65414713704635,-79.52095636306834
010,43.651910973887105,-79.52682244173079
009,43.65816001970357,-79.5237775077353
009,43.666658413976414,-79.52499563564464
009,43.67643988998377,-79.52707475255282
009,43.68164596231959,-79.52827589315807
008,43.68748573685603,-79.5265485582261
007,43.685853562227855,-79.53123399097909
008,43.69663496315606,-79.52951242771904
007,43.69280964679559,-79.53329009863621
006,43.69721160614402,-79.53516400042334
113,43.70638580401717,-79.53167887939283
008,43.70244507444344,-79.53089181876169
006,43.7040432892911,-79.53576662112476
023,43.70952100147241,-79.53321487158142
006,43.712143395263354,-79.53891894723073
005,43.7138184942091,-79.5391164826288
023,43.71573147096013,-79.53512462520952
005,43.72689132805424,-79.54098180498546
023,43.72491719810562,-79.53649227559146
005,43.730594595466584,-79.5402663972139
023,43.7319944570727,-79.53872464239414
022,43.736770071835885,-79.53990459155143
022,43.74491022203511,-79.54162857091005
022,43.75083764020451,-79.54294140779913
021,43.75574137685868,-79.54391639126663
021,43.764473174049776,-79.54578680472639
021,43.769761958493746,-79.54698853017861
018,43.59458198286059,-79.5027518920149
160,43.6040181545644,-79.49744020509945
018,43.6004005524549,-79.50200384406021
160,43.6117327822516,-79.5014965204745
018,43.608405352729726,-79.50395229474132
160,43.6184980360705,-79.50454342872551
016,43.62339464570059,-79.50555481632684
016,43.629611626855244,-79.50689769200459
016,43.63939310286259,-79.50897680891276
016,43.645904147526345,-79.51033748327897
015,43.650787654758076,-79.51141028346359
114,43.66305116669442,-79.51019719984278
111,43.66389750389282,-79.51142534243343
015,43.65687510171763,-79.51243859854611
009,43.66118440098706,-79.51483436336541
111,43.668305041973696,-79.51126122062428
009,43.66884178737296,-79.51616706161902
111,43.67469807597565,-79.51149980429203
009,43.678520279789744,-79.51729520657202
009,43.68384030551031,-79.51808237684497
008,43.68864806404457,-79.51947292430953
113,43.700709238709244,-79.51996870135105
008,43.69656270181712,-79.52230896303963
113,43.704941682010855,-79.52300531254329
008,43.702029421337016,-79.52727227940622
023,43.70979670890503,-79.52387496837498
154,43.71917203692944,-79.52488814935636
023,43.71570851430864,-79.52652472680653
154,43.727717591791844,-79.52651089574644
023,43.72651772992365,-79.53136450869012
154,43.734240618807654,-79.52799950471113
025,43.73980802204356,-79.52614046048578
023,43.73314936966171,-79.53289940670975
022,43.73868317091403,-79.53102157765271
025,43.74791598127336,-79.52795721157928
022,43.74675730340068,-79.53282113975082
025,43.75372443875233,-79.52926916503716
024,43.75865219868699,-79.53037401062134
022,43.752670450810506,-79.53415324644726
021,43.75753433520062,-79.535248074386
024,43.767410150887194,-79.53234692835751
021,43.76626869163777,-79.53721475676214
024,43.77256898390646,-79.53352243576524
021,43.77154989642013,-79.53843902242397
160,43.60506099378148,-79.49292785578844
161,43.612144689310945,-79.48881522779553
160,43.61212992836388,-79.49330362611225
161,43.62437933002084,-79.49168255729603
160,43.620436742305195,-79.49490503801681
016,43.62550738164254,-79.49588514409345
016,43.63169074376343,-79.49711621599724
016,43.64147221977077,-79.4991953329054
114,43.654317826732985,-79.4994991534884
016,43.64793185484027,-79.50073838290291
015,43.65197778244287,-79.50275865336323
114,43.66255044495143,-79.50224761065941
111,43.6660335154501,-79.5021407097817
089,43.66555041403211,-79.49920541482456
015,43.65876165952568,-79.504489656203
009,43.66232793418536,-79.50738570797493
111,43.67081664779277,-79.50543268362995
115,43.68517716116234,-79.50636071336262
111,43.67992322099643,-79.50552671772931
009,43.6797094344185,-79.5106605714581
008,43.68177060569969,-79.50823952253714
115,43.689831577800426,-79.50849609267438
113,43.694642910514595,-79.5089355249026
009,43.68497835624942,-79.5128869797231
008,43.68955726817999,-79.51336576171444
113,43.70063166356877,-79.51151476093223
030,43.698105412718874,-79.50681303497866
008,43.69588635353099,-79.51408093029333
113,43.70675676651925,-79.5130236213655
023,43.711631747827376,-79.51413384831139
154,43.72078661460431,-79.51594518309479
023,43.71581676238679,-79.51539835726578
154,43.72950550383678,-79.51790738507901
154,43.73615956955701,-79.51928486237796
025,43.7410381769532,-79.52037938592069
025,43.749068455851464,-79.52206561889537
025,43.75503667078481,-79.52327491079946
024,43.75991141728653,-79.52438686623955
024,43.76863140786613,-79.52622385271171
024,43.77383328144519,-79.52745264408878
161,43.615770221930255,-79.4835548364244
160,43.61589815006356,-79.48787997165091
161,43.62382195436933,-79.48372328584927
160,43.62144810897639,-79.4869899047425
016,43.62771630428437,-79.48623886341439
087,43.63883542229876,-79.48407148046256
016,43.6336474345988,-79.48741360746364
114,43.64847831884755,-79.48902964883659
087,43.64484373170605,-79.48787422644078
016,43.641824314507325,-79.49104489370865
114,43.65403532730279,-79.4910439615632
089,43.657638010789555,-79.48758056493948
016,43.64847380559241,-79.4942516224619
015,43.65059864293545,-79.49350753690977
114,43.66073470850183,-79.49538326551105
111,43.667162229951586,-79.49374237691958
089,43.663185677720946,-79.4922021612487
111,43.672895764700954,-79.4956512076226
115,43.685019928267764,-79.4972846298652
111,43.68039169317667,-79.49816514834612
115,43.6908638621855,-79.50038874101591
113,43.69594001640294,-79.50433555439925
112,43.69250194472471,-79.49580466450163
030,43.69571674659923,-79.49851338491055
113,43.702264192335015,-79.50534094131432
030,43.70028101558829,-79.50047956084843
028,43.70549619856113,-79.50097606545728
113,43.70812787492522,-79.50675979643287
028,43.71236607282434,-79.50263087463871
023,43.71293163113697,-79.50790318610487
154,43.722391287950124,-79.50608347293337
028,43.71762072872484,-79.5043199458434
023,43.71686409589158,-79.5088922101604
154,43.7305048979691,-79.508176428076
025,43.735310947567484,-79.50795155846504
154,43.73737788405215,-79.51356417864243
025,43.74164324135896,-79.50997159533978
027,43.75227080548437,-79.5084902677639
025,43.751057934391035,-79.51258690897487
025,43.7570217777321,-79.51354984999176
024,43.76191611878217,-79.51456874654664
027,43.773029916136316,-79.51490361237028
024,43.769135040170916,-79.51748760760255
027,43.77604097160988,-79.51711923105296
024,43.774995603243795,-79.52189677649335
161,43.618222273010176,-79.47700042531775
161,43.62611106380381,-79.47639487894429
016,43.62963834341975,-79.4801990579962
161,43.63205108299562,-79.47460889971016
087,43.638192260610474,-79.47650703473954
085,43.63342555195207,-79.4726957163799
016,43.63432264368185,-79.47929051439348
114,43.64934444505674,-79.48504438311122
089,43.65037828099879,-79.48051683819939
088,43.651344823391376,-79.47605502780176
087,43.6454586988302,-79.47958672154225
090,43.66068824301763,-79.47914617487743
114,43.651243810542034,-79.48561152456242
089,43.6551661231349,-79.48234672275174
088,43.65674772371174,-79.47775142416404
090,43.665866004259556,-79.48066866968773
111,43.66828573080827,-79.48597203884117
089,43.66325024058169,-79.48523133577775
090,43.67191500034625,-79.48031853042852
111,43.674993614370734,-79.48590371637465
115,43.68574796623036,-79.48937506353282
112,43.68901562097887,-79.48648164928784
111,43.68167776305428,-79.48719618985065
110,43.68701779332471,-79.4845326994356
115,43.689647355938895,-79.49301176099708
112,43.692320005359214,-79.48922681857023
030,43.697004695476025,-79.49053536421411
030,43.70239072695627,-79.49168555111977
029,43.708765149118726,-79.4883935498504
028,43.70716040281563,-79.49308960461708
029,43.71534149764598,-79.490147096844
028,43.713872471086034,-79.49492947115917
154,43.72418548581048,-79.49630042443444
029,43.72004953225398,-79.49141407207887
028,43.71903853534489,-79.49656813848928
155,43.73475288037235,-79.49469567794578
154,43.73141923768694,-79.49851915181891
025,43.73666838033542,-79.49911108748171
155,43.74124406684096,-79.49572155178204
027,43.746483501603706,-79.49800149924631
025,43.74270099394552,-79.50151114535386
027,43.75337828831868,-79.50216167154127
025,43.751605213248,-79.50614990185797
027,43.763508920707785,-79.50357066488912
025,43.75848173569186,-79.5069058292692
024,43.76267645857597,-79.5083693637726
027,43.77280755297347,-79.50664913858793
024,43.7672156708646,-79.51032125399186
027,43.778091599506034,-79.50764968920623
161,43.62740884383239,-79.4704434771191
085,43.63201447978989,-79.47101469971167
161,43.632013081550554,-79.4716155365945
087,43.63962498648987,-79.46837462930432
085,43.635260250944185,-79.46740011012281
088,43.65240577495863,-79.47114598757808
087,43.647578594053805,-79.46981478488132
090,43.661764093796684,-79.47115147249873
088,43.656956421777295,-79.47202743042602
090,43.667272522509975,-79.47400913869973
091,43.67893025889857,-79.47169662113133
090,43.67484322002045,-79.47427738128289
111,43.67780943402835,-79.47788196526746
110,43.681267192145384,-79.47341045924522
115,43.68534493196955,-79.48293649306422
112,43.690519134537325,-79.47900097262233
111,43.68279973587503,-79.48049430717836
110,43.68623509697732,-79.47735576353872
112,43.694188061801206,-79.47971112473844
030,43.699070785611475,-79.48078735267163
030,43.704524670246286,-79.48190045533852
029,43.70940026403173,-79.48300672312604
029,43.716179902546656,-79.48440472324062
155,43.728739858375654,-79.48580466533282
154,43.72445360393994,-79.487139890436
029,43.72147349595467,-79.48508577246076
155,43.73574298814927,-79.48856286953112
154,43.729863916144055,-79.49241480137053
155,43.74230360642727,-79.48994979534054
027,43.747191861275645,-79.49100050139133
027,43.755305806576,-79.49272119087335
027,43.76508728258332,-79.4948003077815
027,43.77486875859067,-79.49687942468967
027,43.780282966285945,-79.49782156362546
087,43.64198459898255,-79.4582269893513
085,43.63797597529081,-79.45759822415032
088,43.65451285867843,-79.46139621036289
087,43.6496904051189,-79.46004182641312
171,43.665474774445116,-79.45830698959067
090,43.663086505701614,-79.46290734715014
088,43.65819908249601,-79.46185278554337
171,43.66662671663055,-79.45899855022118
091,43.671749601411214,-79.46188105197632
090,43.66830036731981,-79.4654002178058
091,43.677669327505775,-79.46518142079996
090,43.67521852096127,-79.46932439188008
110,43.682124861123256,-79.46703785191974
109,43.69168264012677,-79.46408125505968
108,43.693584727725344,-79.46478806625032
112,43.692526526110896,-79.46956026111876
110,43.68768636489104,-79.46820352171116
108,43.69738752662366,-79.46575762285785
112,43.696174808872065,-79.47057516610344
031,43.70220955194317,-79.46696136569923
030,43.70101496985534,-79.47184706210628
031,43.709288589591786,-79.4685393158104
030,43.70664692060538,-79.47308393154836
029,43.71153234868699,-79.47413816365155
031,43.71904958215657,-79.47054801433808
029,43.71809735042951,-79.47545662696227
155,43.72849186110775,-79.4768268898769
031,43.72454250917444,-79.47166904174412
029,43.72346990433249,-79.47636124963826
155,43.73782197146951,-79.47878148104965
155,43.74725673092567,-79.47985502361085
027,43.748866666441074,-79.48452428205837
155,43.75364189829657,-79.47979223601159
027,43.7577017584597,-79.48320613877065
027,43.767166399491515,-79.48501883177417
027,43.77694787549885,-79.48709794868235
027,43.782436950434715,-79.48813567237592
085,43.636519119851044,-79.44443994899207
087,43.64242909362615,-79.45035472759503
086,43.64351543740753,-79.44564188880841
085,43.63797413944469,-79.44817711277945
171,43.657327222763634,-79.4481569250336
088,43.65629954037649,-79.4530354450208
087,43.650949864868025,-79.4530266652402
086,43.65170925632182,-79.4484756367924
083,43.65553042483347,-79.44716168242937
171,43.66267210253731,-79.45123603381441
091,43.66729068828791,-79.44954471592274
090,43.663779044110335,-79.45734041942114
088,43.65903987015388,-79.4546400624085
171,43.66790766867851,-79.4533304383877
092,43.674459264168384,-79.45235234702395
091,43.67085000052698,-79.45550271642743
109,43.68432653164598,-79.4567772469846
092,43.679743988158464,-79.45491536191784
091,43.678199131091944,-79.45959481146753
110,43.68309611187126,-79.4616055855425
109,43.689972512889604,-79.45823972964419
108,43.69477852610327,-79.45946899324932
110,43.68733346953788,-79.4627312422128
108,43.69848286748753,-79.46018082069439
031,43.70336674901611,-79.46125188068677
031,43.710556660355664,-79.46276265431777
031,43.72033813636302,-79.46484177122593
155,43.73065312165835,-79.46703438631334
031,43.725762573249646,-79.46599397642304
155,43.739901088377685,-79.46900000504229
155,43.74930482660226,-79.47134360930896
027,43.753900246874714,-79.46812595244567
155,43.75468082342015,-79.47484078966035
027,43.759815345385135,-79.47303466334438
027,43.76924551639969,-79.47523735576682
027,43.77902699240703,-79.477316472675
027,43.784622221097486,-79.47836971962894
085,43.630355409649,-79.43067771135668
085,43.635528528531644,-79.4357892598208
086,43.64386262879862,-79.43910820841565
085,43.63981895354813,-79.43759460850052
084,43.64781261048568,-79.43650022740925
171,43.65874657198464,-79.44141969002824
086,43.6495456227894,-79.44364774884367
084,43.65006363277617,-79.43904629253409
083,43.6545888298682,-79.44041450592442
172,43.667985861902416,-79.43860512917345
171,43.66367983875737,-79.44263099284159
171,43.670448025818025,-79.44404593450169
107,43.67909639600606,-79.44164661525669
092,43.675313365537136,-79.44506812563436
109,43.68584361278395,-79.44938436564306
107,43.68479562238212,-79.44363267880809
092,43.68110204351267,-79.44747383115897
109,43.691301916652336,-79.45105806743236
108,43.696916061559385,-79.44966453804368
107,43.6927169737528,-79.4462828831049
108,43.70061106569438,-79.45041181315963
031,43.70549573428391,-79.45147933376789
031,43.71263577726385,-79.45298117831041
031,43.7224172532712,-79.45506029521859
155,43.73331312543135,-79.4587388598378
033,43.73183328937841,-79.45488721081749
031,43.72785899715338,-79.45619339908548
155,43.742299190141054,-79.45999132114602
033,43.740645020682706,-79.45598382960851
155,43.74847725381112,-79.4619242118469
034,43.75404059286729,-79.46014172621982
033,43.74989784391598,-79.45738627910507
027,43.75310608502837,-79.4650022517611
034,43.76187799672672,-79.46185870167562
027,43.760801062795984,-79.46674119597365
035,43.77330095394738,-79.46291299302393
034,43.771228827044695,-79.4642979102936
027,43.770526295557204,-79.46887698042897
035,43.78522228221782,-79.46528270161663
034,43.78072670361673,-79.46626987862189
027,43.78047663345163,-79.4710463988549
035,43.787521102639815,-79.46518021210622
034,43.78681663612191,-79.4682770902516
027,43.78609898601671,-79.47183412162819
163,43.63021255698275,-79.42308035433425
085,43.6303738415354,-79.42896407680192
163,43.633094544420814,-79.42462406347316
085,43.637102745176044,-79.42721366715344
084,43.64150415316662,-79.42393513302459
086,43.642832593398865,-79.43146000694831
085,43.64136668691122,-79.4300289451061
084,43.646768691212976,-79.42841637406191
081,43.650217359757,-79.42471550085148
172,43.66088555333211,-79.43129473776453
171,43.659875354644335,-79.43602410592875
080,43.65805039123344,-79.42709625610418
084,43.651900616615606,-79.43059234446386
083,43.65650701787874,-79.43179185750658
081,43.65293817760813,-79.42554168262396
172,43.66566329823239,-79.43259129972971
171,43.665660078575236,-79.43630949021247
094,43.67099180559633,-79.43095574621292
171,43.672037686924654,-79.43654788218568
107,43.68032021786113,-79.43589466578017
094,43.67606264566095,-79.43228648890664
092,43.676716132072364,-79.43750873016279
107,43.685286153789804,-79.43702782409426
106,43.69015650999372,-79.43324576328867
108,43.69848610395019,-79.44226606593546
107,43.69382016777182,-79.4396570613055
106,43.69551698872082,-79.43497466244219
102,43.69955724243743,-79.43738788410579
108,43.70246670241685,-79.44256266395683
102,43.70304758458638,-79.43770601576324
032,43.70847634934209,-79.4384301967747
031,43.707174617006395,-79.44319282056013
032,43.71548959856703,-79.44094098340894
031,43.71387339564826,-79.44565316536244
032,43.724982926019415,-79.44373309415379
031,43.72348453807554,-79.448493279111
033,43.73484384872058,-79.44748710350733
032,43.73027654570664,-79.44494816448912
031,43.72921304343375,-79.44988767660571
155,43.74538826255549,-79.45420394597161
033,43.74397876098204,-79.44914808093812
155,43.748301765939814,-79.45509454849585
034,43.75578059481437,-79.45192983495778
033,43.75092142227061,-79.45083685308374
035,43.7689874501135,-79.45033153688885
034,43.7635723128254,-79.45362567940995
035,43.77412683674868,-79.45503210231935
034,43.77103034330135,-79.4577826475003
035,43.7839098590265,-79.45729886666943
034,43.779522281430694,-79.46005175013715
035,43.78880070087939,-79.4589458834009
163,43.630587670466305,-79.4147951885844
163,43.63693863941241,-79.4163175981085
162,43.64202536580377,-79.41653094644032
085,43.63783501593525,-79.42108332649197
084,43.641500865632516,-79.42209123134967
162,43.643953667060984,-79.41769809156243
084,43.64380741672919,-79.42278170011863
081,43.64883799547224,-79.41891918428978
172,43.66270975960332,-79.42283615902318
095,43.66380805753139,-79.41775854130668
080,43.658788558087274,-79.4210003249461
081,43.6539228881787,-79.42048279434795
172,43.667156777395256,-79.42398609677207
095,43.66878785671471,-79.41926290513807
094,43.67244377572615,-79.4237938254622
107,43.68155490429181,-79.43007442842828
106,43.68252215397767,-79.4250763203491
094,43.67743432369045,-79.42507071840687
107,43.68474769939066,-79.43102062429179
106,43.687733011770455,-79.4267780843451
106,43.696159947524315,-79.42909582397468
102,43.70109894050118,-79.43008511936013
101,43.69995221504802,-79.42492882445075
102,43.70474751798466,-79.43086015015312
039,43.710692763879905,-79.42737489118295
032,43.70955905561643,-79.43223896614496
039,43.71792522814148,-79.4290085274989
032,43.71668228994868,-79.43385373646996
039,43.72764645354855,-79.43115590611004
032,43.72644867506634,-79.43601140824045
039,43.73446223213612,-79.43266989054123
038,43.73937263774086,-79.4338084023844
033,43.73735871076123,-79.43875196471011
032,43.732882926421205,-79.43664548293846
038,43.74716431550342,-79.4356110105649
033,43.74593489680299,-79.44045805216889
038,43.75508204724773,-79.43728846866037
034,43.75776954563244,-79.44223883902879
033,43.75277004408653,-79.44201910846763
038,43.76262668718906,-79.43915332031752
037,43.76755365217953,-79.4402582741609
035,43.76675259103925,-79.44397425455969
034,43.76346231683822,-79.44629482726835
037,43.77270360973583,-79.44146047881301
036,43.77763061328915,-79.44259579448467
035,43.775167431637506,-79.44715791398593
036,43.785819162165865,-79.44443512387768
035,43.78504996404026,-79.4493386918207
036,43.79181764290881,-79.44491765424439
035,43.790759752430844,-79.44977685387933
166,43.62537759862198,-79.39987524626171
166,43.628179323254,-79.4016456238628
163,43.63383170446923,-79.40505335058927
164,43.645457645151865,-79.40312667095225
163,43.63790936971276,-79.40681416416871
162,43.64282610513134,-79.40723481796971
164,43.64688479405757,-79.4035609476932
162,43.645847323289,-79.40855286828038
078,43.65247275333093,-79.40524042551978
081,43.65053937771905,-79.40984810184133
095,43.664979443354376,-79.41227189628722
080,43.659930383313736,-79.4127381192986
079,43.66150106408631,-79.408014926913
078,43.65640678275879,-79.40645687783409
081,43.65537418896478,-79.41138250258409
096,43.67489433092405,-79.41205067496234
095,43.669550380639194,-79.41315690530018
094,43.67385801935217,-79.41695667626412
106,43.68360492821032,-79.41990184370054
101,43.68448998542017,-79.4153285975498
096,43.679977743503116,-79.41356636556999
094,43.67846881777365,-79.41834541649266
106,43.687841019233296,-79.42119929978661
101,43.689956692170206,-79.41673913465813
096,43.68703350822138,-79.41214005324649
106,43.6949081417887,-79.42337298919448
103,43.70414932307606,-79.41583011044627
102,43.7030888053924,-79.42070961866804
101,43.698368185074024,-79.41916358059295
103,43.711524105650135,-79.41829277289918
102,43.70679328163668,-79.42140680790955
039,43.71136194917213,-79.42359999897198
103,43.71606527997016,-79.41985796170893
039,43.71921332193058,-79.4240945816864
039,43.72865460399572,-79.42571586719659
039,43.73671176620122,-79.42694405005592
038,43.741142456909465,-79.42913055785945
038,43.748217556010395,-79.42987410101294
038,43.758067964031085,-79.43160870578846
034,43.757406150909766,-79.43491635108505
038,43.76358271666672,-79.43314398126705
037,43.768473641970786,-79.43417901863447
037,43.77399852498784,-79.4353236406832
036,43.778880606766485,-79.43640297341717
036,43.78734346003975,-79.43819056864564
036,43.793008588448366,-79.43937797513549
166,43.61564896535026,-79.38879885855417
166,43.62367232726404,-79.3926569547021
166,43.63177764291337,-79.39429850240927
165,43.63676749844937,-79.39551857929207
163,43.634635106636324,-79.39931678173427
165,43.6399976960354,-79.3961340284319
164,43.64476775388617,-79.39767824361381
163,43.63840482383156,-79.40095357612253
162,43.64135903358624,-79.40186038130172
164,43.647959889446206,-79.39837544720965
078,43.652858204936365,-79.39937851208313
095,43.667082682525674,-79.4023280847775
079,43.662433089905996,-79.40138948741483
078,43.657527312380594,-79.40089178828597
096,43.67648756848978,-79.40451725577503
095,43.671623998489984,-79.40335950436537
097,43.68728891546827,-79.40167155211984
096,43.68181708962045,-79.40554535610619
101,43.69301093699198,-79.4081690426008
100,43.69748815533056,-79.40382509841157
097,43.694161825196225,-79.40370297554475
096,43.68823479931888,-79.407146495661
103,43.70483839128279,-79.41230713449136
101,43.69947147033638,-79.41138246256901
100,43.70239711729714,-79.40716852393238
097,43.697588953425374,-79.40511475060448
103,43.711665919261925,-79.41267029093842
100,43.70935168522089,-79.40849128906599
105,43.72473803535131,-79.4121162249703
103,43.718977597247225,-79.41240562370854
039,43.72181089478806,-79.41661056360559
105,43.73013684911778,-79.41350982188933
039,43.731182090269485,-79.41775572472186
039,43.7402950286795,-79.41776674070083
038,43.74406327054556,-79.42199023483356
039,43.74715835892712,-79.41576239966182
038,43.75051711117346,-79.42039678428362
038,43.76007814892591,-79.42217174191376
038,43.76571398142835,-79.42330986189914
037,43.77059005812602,-79.42441665585343
037,43.77611988013228,-79.42555013290303
036,43.78100155339052,-79.42663127440376
036,43.78942257694792,-79.42840909263829
036,43.795106082486896,-79.42959725201689
166,43.616693280878444,-79.38159633597674
166,43.62521660173139,-79.38328262919194
166,43.63391837057363,-79.3852718415235
165,43.63882834891325,-79.38568068341893
170,43.6478225693024,-79.38459762578057
166,43.6452365326966,-79.3824373350528
165,43.6420793320157,-79.38686468044729
164,43.646576950796245,-79.38943074100425
170,43.655537260749504,-79.38661267286965
164,43.649658323673435,-79.39038643462669
078,43.65431943375931,-79.3914120004716
170,43.660173940958416,-79.38808308779447
169,43.66490154125614,-79.38989977571657
095,43.66916671301453,-79.39244819026348
079,43.66358142039587,-79.39465463809168
078,43.659136151017975,-79.39293454477067
098,43.67832557287411,-79.38976991475819
097,43.6783039468396,-79.39753753896437
096,43.677874702169376,-79.39884518274951
095,43.67398135643599,-79.39371978774965
098,43.685580909783,-79.39201714775817
097,43.68398905522221,-79.39649846715142
096,43.68088491905719,-79.39968268614521
095,43.679849848879435,-79.3928494072141
174,43.69761032960753,-79.39503150900772
101,43.692998012433115,-79.40220868072912
100,43.697291899763606,-79.39898642204571
099,43.69402821567339,-79.39422628160669
098,43.69093752484515,-79.39368591402956
097,43.69238802595205,-79.39902975003028
174,43.70315343341059,-79.39618420571854
173,43.708064563938336,-79.39721283685911
100,43.70318312324729,-79.40129885316387
173,43.710833055729275,-79.3978176242202
103,43.715728343919835,-79.40325441054011
100,43.71049217552433,-79.4028541533364
099,43.71471873849374,-79.39863542129017
105,43.72628307525574,-79.40475963674636
103,43.721390726401815,-79.40372776197748
105,43.7314783381815,-79.40612899446708
041,43.73650835998105,-79.40343535676271
039,43.73631449288187,-79.40852185117443
041,43.7410614013437,-79.40440998424995
040,43.745946539271735,-79.40549557844626
039,43.742253821969385,-79.40979678553404
153,43.75621465777769,-79.40776982117266
040,43.751200851601375,-79.40651256126996
039,43.74950854735146,-79.41095760362792
038,43.7540533709079,-79.41258310923267
153,43.759935831161314,-79.40866999279238
152,43.765307440158786,-79.40850077375183
151,43.764643857472166,-79.41028268320888
038,43.7616139281405,-79.41422802463157
037,43.76677797844844,-79.41363143688267
152,43.771790679764464,-79.41040077995096
151,43.773118876101066,-79.41233212348098
038,43.76704380231946,-79.41713821196993
037,43.77180279701739,-79.41642296671053
152,43.77935134386744,-79.41138264600386
151,43.77871406343205,-79.41347121638944
037,43.77777406014784,-79.41794326688503
036,43.78262686023207,-79.41906830733706
050,43.783733442976164,-79.41419012871224
036,43.79095059417013,-79.42097342814532
050,43.79209397838564,-79.41610649766726
036,43.79667711654267,-79.42228226268564
050,43.79774391933442,-79.41739646529406
166,43.61956181498171,-79.37227847192328
166,43.62729571863956,-79.3735011531846
166,43.63699925580858,-79.3754106483315
165,43.63940292847314,-79.3806418680891
170,43.64846684073808,-79.38045043587665
168,43.65008514002408,-79.37581025780145
166,43.64452475164787,-79.37668643144944
165,43.6423943365762,-79.38154551811583
170,43.65556847879998,-79.38265791893531
168,43.6571650077595,-79.37805275819153
073,43.660969499949914,-79.37582971549372
170,43.66093703377927,-79.38439335906216
169,43.66488898341109,-79.38560559418904
168,43.66149993490046,-79.38126988376844
167,43.66635397647571,-79.38176316439407
098,43.671268087522165,-79.38256359061714
095,43.670248465126285,-79.38727689466475
074,43.66937602186194,-79.37846495320743
073,43.66249328280273,-79.37630642391127
071,43.664672456292266,-79.3769933714949
098,43.67629722613938,-79.38381082961875
095,43.671927306482914,-79.38779916109657
098,43.68598457468358,-79.38597585463364
174,43.69862394886879,-79.39017920196343
099,43.69593384590839,-79.38762823427906
098,43.692187999151884,-79.38671634133557
174,43.70395146762467,-79.39173045240162
173,43.7088852659998,-79.39320256816812
099,43.7065136646619,-79.3872966798568
173,43.711597139654494,-79.39401125100595
103,43.71915702447449,-79.39319217883165
099,43.71500972897961,-79.39151878325339
041,43.71836771632839,-79.38791491085294
105,43.72830534630712,-79.39520094925054
103,43.72342808967285,-79.39412979271776
041,43.726324472174355,-79.38965255218756
105,43.732926299667334,-79.39624309632275
041,43.73757667555784,-79.39654673174586
041,43.742399859803314,-79.39796986299255
040,43.74729156341635,-79.39900409865277
153,43.75788128108551,-79.40345539076377
040,43.75392733479688,-79.40007918905721
153,43.76137872771071,-79.40200787300594
152,43.76625861578455,-79.40305051580653
040,43.76039813357718,-79.39712569662244
152,43.77401782957194,-79.40468769371113
151,43.774736833872794,-79.4099388662981
152,43.78035372955117,-79.40601899161108
050,43.785239896515506,-79.40707976599997
050,43.79358081076427,-79.40884614062361
050,43.79933279398583,-79.41003468731591
166,43.62273299811209,-79.36395589020417
166,43.62937483554774,-79.36371967717724
166,43.63915631155508,-79.36579879408542
168,43.650811357796215,-79.3727500084891
166,43.64717494787036,-79.36744781088531
073,43.65221776733606,-79.36800053363993
168,43.6545387461976,-79.37388511160732
073,43.65854955086411,-79.37030433191612
072,43.65961827451038,-79.36555156015865
071,43.663330215111735,-79.36669339912822
098,43.67298082268843,-79.37188951669786
074,43.66970843421195,-79.37411122537712
073,43.66345428868937,-79.37178070738261
071,43.666943730682576,-79.37074314680665
098,43.678282215584424,-79.37411526171815
098,43.68785028973445,-79.37632119499659
056,43.69295715669348,-79.37328638386875
099,43.69913312378123,-79.37854424008114
098,43.69347117889384,-79.3801968549688
056,43.69478508155378,-79.3756154611997
099,43.7073172415902,-79.38065689873302
041,43.712329803248224,-79.38160586533584
056,43.70994615406861,-79.37620533880757
099,43.71241392262562,-79.38632069181725
041,43.71752179489126,-79.38258362651446
056,43.71507949794125,-79.37732578431604
041,43.727189595621105,-79.38451084625902
041,43.73697107162844,-79.3865899631672
041,43.744472711623644,-79.38818718078421
040,43.74936461636588,-79.3892212049049
040,43.756534023643106,-79.39074819698355
153,43.76382177753094,-79.39247881944732
152,43.76834371633911,-79.393420902882
040,43.76191784780364,-79.39140759212411
052,43.76840123878521,-79.38829851365743
152,43.77604622621155,-79.39509414653806
052,43.77735264843354,-79.39026186029402
152,43.7824203584256,-79.3964600779114
052,43.783522900028494,-79.39160684961931
050,43.787315602384055,-79.39750705365054
049,43.788282893128105,-79.39259108571277
050,43.795599883905155,-79.39926674528414
049,43.79702735576881,-79.39446250863321
050,43.801387439995125,-79.40053388762892
049,43.80247033163017,-79.39568776199917
166,43.62551569441497,-79.35776602752617
166,43.63219078969237,-79.35514255525128
070,43.63571550893632,-79.35063279765562
166,43.63979927813898,-79.35816308143916
070,43.64250207377871,-79.35412481346808
166,43.65013016380053,-79.35777299322945
073,43.65444479959454,-79.3596814608806
070,43.647029897665256,-79.35499590106306
073,43.65635316403672,-79.35912368299216
072,43.66002699155044,-79.36007192248275
071,43.66445692836023,-79.36130190663842
070,43.66286206260299,-79.35565026094196
068,43.665671648473996,-79.35635706520115
098,43.6746633643055,-79.36649355719375
071,43.66964751556077,-79.36325378002562
068,43.67279605296095,-79.35952433405998
067,43.67594252823001,-79.36067007970054
098,43.67918416399962,-79.36730121001462
067,43.67833040394206,-79.36133620254537
057,43.682262260113575,-79.36266515195798
056,43.682693089305914,-79.3652700191254
098,43.68757366460133,-79.36933524566481
057,43.68753051270642,-79.3615024298347
056,43.69100740844594,-79.36588101646484
099,43.698981757191184,-79.3730096177656
056,43.69996538455116,-79.36829502448529
056,43.70970576051461,-79.37057113643533
041,43.72112758347777,-79.37298463373419
056,43.7162284063302,-79.37198594942369
041,43.72926871252928,-79.37472937025169
042,43.74301687169673,-79.3745071738708
041,43.738415151369736,-79.37717691070476
042,43.74741194291391,-79.37690790928012
041,43.745607053085045,-79.38132236369917
040,43.75166554949902,-79.37953167700594
040,43.75861314055128,-79.38096672097622
040,43.76391679131116,-79.38214704502036
052,43.76881907463438,-79.38313103546771
052,43.778176092565964,-79.38512495479257
052,43.784642445739706,-79.38647782409575
049,43.78952656657798,-79.38754779381914
049,43.797739044580624,-79.38928318860891
049,43.80356145374827,-79.39048530555645
070,43.6168353907413,-79.34145966737634
070,43.621611021126434,-79.3399050077689
070,43.63648320899466,-79.34638104860919
070,43.64331454537144,-79.34623584207074
166,43.652184148107025,-79.35112977091518
073,43.656314737201825,-79.35317714943676
070,43.653384676649466,-79.34711587077028
073,43.65731869744298,-79.35409684961147
072,43.65838452570821,-79.35451716233808
070,43.661918646747615,-79.35015158579715
068,43.66677282663055,-79.35127435178553
068,43.672512602536315,-79.35245569895137
067,43.67749415238258,-79.35305108014344
067,43.680202167102934,-79.35402609491658
057,43.6850646112195,-79.35516924383793
057,43.69179434601252,-79.35612311597994
056,43.69483660276772,-79.35973978102197
057,43.698075186125116,-79.35407565866885
056,43.70052424262171,-79.359503210822
055,43.704685098066506,-79.35746133134987
056,43.713076865209025,-79.36265253198944
055,43.71091742077247,-79.3595389053188
041,43.72316666931651,-79.36320854522207
056,43.71827581199426,-79.362170152573
042,43.7355073026549,-79.36204198638883
041,43.73094366156795,-79.36523025562182
042,43.74167866601897,-79.36664081998256
041,43.73734225263414,-79.36968924507397
042,43.74886563018623,-79.3686784481257
040,43.75375974737036,-79.36970190117873
040,43.76065155149646,-79.37120657257012
052,43.76625723946985,-79.36826951202725
040,43.765350331193154,-79.37472129594045
052,43.770647342118956,-79.37321499305034
052,43.78025520947414,-79.37534347878524
052,43.78674510970329,-79.37671202055603
049,43.791632513451376,-79.37776709807017
049,43.799818161488815,-79.37950171260155
049,43.80567577503731,-79.38071372024375
070,43.62000182005448,-79.32966105603289
070,43.62472043901622,-79.33193832325543
070,43.633660573041105,-79.33252841467433
070,43.64595111999781,-79.33706343220733
070,43.65517513828695,-79.33853348297157
070,43.66453277008159,-79.34025712913632
069,43.66983020368804,-79.34045567393702
068,43.668451271662676,-79.34383606502251
070,43.671035057012844,-79.33775860432556
069,43.67536287878977,-79.34054016338774
068,43.67368979034777,-79.34518694339762
067,43.67878871282664,-79.34671171556577
066,43.6798071825179,-79.34175059077577
067,43.681014279366956,-79.3475639804314
066,43.68170631118544,-79.34245186526503
059,43.6865758165797,-79.3438447250361
057,43.68563841890858,-79.3486378194463
059,43.68995479359578,-79.34475877189243
058,43.694351650959476,-79.34607734321487
057,43.69387467964818,-79.35077060519001
055,43.69918692405607,-79.34469651086364
058,43.6994191659834,-79.34922001872641
057,43.69866101520482,-79.35144787453763
056,43.700181527552814,-79.35221174908955
055,43.70455341311752,-79.34865849822009
044,43.716657034276636,-79.34901275064036
042,43.71812902464785,-79.34995602579787
056,43.716967573721924,-79.35470076266608
055,43.71241120979764,-79.35087462853531
042,43.72390638032486,-79.35031120580936
041,43.72458771439578,-79.35481422263533
056,43.71973495745606,-79.35514740311903
042,43.73404236329126,-79.3547472329685
041,43.72968142462869,-79.35771764393478
042,43.74320842235298,-79.3572455351452
042,43.75066809948288,-79.358949212923
040,43.75559706723601,-79.35974623602279
150,43.765774843984545,-79.35805226652583
040,43.76193807461802,-79.36158037252291
053,43.76752193208012,-79.35864462575718
052,43.76690812957329,-79.3629751422443
047,43.77497488973028,-79.36175506905154
053,43.77046774988121,-79.3600216300057
052,43.771591385715716,-79.36569227387977
047,43.78280771964069,-79.36344706267907
052,43.78171561108742,-79.36832618617895
047,43.78904078211386,-79.36485758471204
052,43.7882082102441,-79.36979084896427
049,43.79308813409712,-79.37084437597267
048,43.79393416505649,-79.36591145878808
049,43.80122417154651,-79.37268633904517
048,43.80233036948141,-79.36781178398232
049,43.80721408864074,-79.37374123910809
048,43.808249684025625,-79.36883516668392
070,43.62015634255231,-79.32436715526129
070,43.62798545630827,-79.32491620553373
070,43.636891567066385,-79.32526711557861
070,43.64865169023936,-79.32630484561979
070,43.65658716864069,-79.32907023633452
065,43.66236889264237,-79.32728563688723
063,43.66091749511716,-79.32675235006779
070,43.6670394335659,-79.33145923489077
065,43.667014038035596,-79.32715084844354
070,43.67275761901837,-79.33252803113217
069,43.67698507762929,-79.33450864159668
066,43.68143185762294,-79.33393751881262
065,43.6778254634487,-79.32941535751613
066,43.68332113331862,-79.33429981795416
059,43.688213813864984,-79.33532915320458
059,43.69193744992061,-79.33608659679923
058,43.696705532804806,-79.3370110557786
055,43.70003381651977,-79.34151767279532
058,43.702253463644865,-79.33581066162081
044,43.710000578298015,-79.3368169287712
055,43.705702608695944,-79.34071350840347
054,43.70589303355772,-79.33555036603326
044,43.71609702883144,-79.34036722887087
042,43.720029959197056,-79.3426944116576
055,43.712348986854025,-79.34338342477054
042,43.72572458724648,-79.34330582532148
042,43.735506063253816,-79.34538494222966
149,43.751051461231384,-79.34397457194669
042,43.74527875887489,-79.34746937479714
149,43.75560432739641,-79.34552101858394
042,43.75272271775012,-79.3496097913749
040,43.75737462940566,-79.35046343262546
150,43.76484931415255,-79.35068152825814
149,43.76121278920501,-79.34761814549809
040,43.76183205270713,-79.35308570976682
053,43.76835267349166,-79.35190188433064
047,43.776605389050914,-79.3541297699365
053,43.771719197928306,-79.35306915064783
047,43.7844134432905,-79.35578052677054
047,43.790692835627794,-79.35710731338837
048,43.79558123313741,-79.35815745683641
048,43.80397639530517,-79.35993876058689
048,43.809961314707365,-79.36115073974612
070,43.650559674621256,-79.32073047396814
070,43.65779508253522,-79.31957388807854
065,43.66352305593419,-79.32207849339372
063,43.66264866367082,-79.3194618734628
065,43.66874956494068,-79.32189560744956
064,43.67116825406456,-79.31745682342495
063,43.6651328988683,-79.31677338053265
066,43.68352286947563,-79.32412624990219
065,43.67804277184578,-79.3248058647734
064,43.679653092381855,-79.32009421409167
066,43.68541029449552,-79.32450910840812
059,43.690299735738854,-79.32555474114737
059,43.69403581012442,-79.32630488491127
058,43.698062763928476,-79.32753792119497
054,43.7025926902942,-79.32674620845552
058,43.70284900470124,-79.33272488085119
044,43.711321673266625,-79.3300451217698
054,43.706500559291484,-79.32890450606227
044,43.71781161225825,-79.33133268224826
042,43.722351539958865,-79.33375875551815
042,43.72780370415465,-79.33352434931413
149,43.742032617332406,-79.3339004047295
043,43.735946062133365,-79.330609585678
042,43.73715102371463,-79.33597897643473
150,43.75264907448117,-79.3337650009575
149,43.74802299020966,-79.33692121178795
042,43.74484962766352,-79.3405832062377
150,43.75962806860913,-79.33575161527779
149,43.756973427057794,-79.3399728567432
042,43.75570323674274,-79.34416185556248
040,43.757011292803426,-79.34451139513507
150,43.765255412108694,-79.34134853924832
149,43.76245297322583,-79.34260121288271
053,43.76965655925177,-79.34213792194355
047,43.77862486152895,-79.34462790420011
046,43.779025813860926,-79.33966073618336
053,43.7737322283988,-79.34342558068018
047,43.786417596930846,-79.34631826047365
046,43.78756084859826,-79.34145004909026
047,43.79276032361959,-79.34764894347424
046,43.79597822666644,-79.34327001041144
048,43.79772459174027,-79.348630944885
048,43.806055512213355,-79.35015728457955
048,43.81211652415593,-79.35139647097066
070,43.655835069779556,-79.30850318048608
070,43.6607855576912,-79.30910670243858
063,43.66486700504547,-79.3100871890857
065,43.66627152004166,-79.31510782083116
064,43.67229915595007,-79.31298311850496
063,43.66925188712478,-79.30917489900102
062,43.67570940536562,-79.30789147403412
066,43.6852425381236,-79.31607011886574
064,43.68027390938483,-79.31450142292908
062,43.682302974407314,-79.30991971064954
066,43.6870005442457,-79.31685434194918
062,43.68668900905598,-79.31121329095666
060,43.691786440647256,-79.31292884867591
059,43.69156302667648,-79.31795371101578
060,43.69831548188857,-79.31540116854703
059,43.695525324406916,-79.31933135302897
058,43.698741449966406,-79.32044801905013
054,43.70311938570256,-79.31719206494306
044,43.713040296103294,-79.32233070154933
054,43.70960242176348,-79.3188604315893
044,43.719429630141406,-79.32461502301972
043,43.72047410245444,-79.32019563962379
042,43.7241261143262,-79.32654153599186
054,43.71595490775989,-79.31758527779854
044,43.72496651825451,-79.32301914830474
043,43.73110508060022,-79.3220729314302
042,43.72871710019765,-79.32535406531092
149,43.74260215519058,-79.32620263118326
043,43.737632068299604,-79.3254000016598
042,43.73899675358588,-79.3304479463417
150,43.75360951854454,-79.32837276387698
149,43.748648509219244,-79.32781079543474
150,43.75922724908485,-79.32998022403132
150,43.76603714553214,-79.33175371343972
046,43.77483610270052,-79.32838486359462
053,43.77099500372587,-79.33226762127562
046,43.7795290407963,-79.33396678263996
053,43.77453614395942,-79.33512692142368
046,43.78857167710685,-79.33621757475584
147,43.80029059976248,-79.33410073355483
116,43.80332122268807,-79.33509196322692
046,43.79715997515054,-79.33824136047028
048,43.80193150882838,-79.34020314743398
116,43.80943519336183,-79.33707089764286
048,43.80760970475171,-79.34170971291402
116,43.814958764649035,-79.33879724386807
048,43.813800062741905,-79.34366001500658
070,43.66462646934383,-79.30448379985184
063,43.66685513511312,-79.29987526411492
063,43.67295977351869,-79.30124046442039
062,43.677104084131386,-79.30449750924093
062,43.68305455793434,-79.30356581275856
062,43.689096152766595,-79.30439535464093
061,43.69416821785892,-79.30278433593868
060,43.693159897701484,-79.30765855344644
054,43.697662379136524,-79.30298187009792
061,43.697924953157035,-79.30613176418419
060,43.69815704684323,-79.30989539857066
054,43.70309029334653,-79.30749561597261
043,43.71688505911725,-79.30867418840552
054,43.71189535393434,-79.30992990862984
043,43.72222672136176,-79.3118656842474
054,43.716766896905995,-79.31382446529436
043,43.731961937971015,-79.31396139729944
149,43.74405246336376,-79.31631237522254
043,43.7390972167757,-79.31572895835191
150,43.7552207732436,-79.318692634934
149,43.750284077749136,-79.31807910360101
119,43.755374513808,-79.31409643285421
150,43.760917830861054,-79.32100755624036
119,43.76309073572002,-79.31648425021295
150,43.76707661815647,-79.32327798032507
147,43.77614255191897,-79.32084823647475
119,43.76766043473445,-79.31805112574487
118,43.77238668243411,-79.31949061297036
046,43.775193630864585,-79.3253206447251
053,43.771444195268984,-79.32433276123245
147,43.781587350753405,-79.32267007134716
118,43.78057655973011,-79.31943482476407
046,43.77973646280838,-79.32722214951144
147,43.791020199876904,-79.32579912541256
046,43.78847862900107,-79.33018160291603
147,43.79967253503724,-79.32832509567616
116,43.804530411919316,-79.32946913817668
046,43.79498976306473,-79.3323664030604
116,43.81021374602971,-79.33059433256486
116,43.816482948142,-79.33187582380445
063,43.66923217591295,-79.29080613085196
063,43.67518146080658,-79.29172543328512
062,43.68034795109324,-79.29111377960953
062,43.684841519695055,-79.29393076170132
061,43.6898849079495,-79.29140307091811
120,43.700139424775195,-79.29203932633148
062,43.69068176541861,-79.29684064778534
061,43.69509983633928,-79.29497445018849
054,43.697524763925976,-79.29912395248465
120,43.706649716061776,-79.29412805302441
061,43.70138993537815,-79.29495110888477
054,43.70473414127582,-79.2990892246151
120,43.715608770372796,-79.29695458150113
043,43.71733749676924,-79.30260362886922
054,43.71249025771733,-79.30123575401683
120,43.72262570018489,-79.29916889232813
119,43.72738812678646,-79.30063935059894
043,43.72338412367835,-79.30461273944796
119,43.73453723523563,-79.30286706165526
043,43.73277370419026,-79.30753324542853
149,43.7444328408444,-79.31106055883953
119,43.7440656248736,-79.30575833423153
043,43.73989935395705,-79.30974194685618
149,43.74889869223334,-79.31229599503918
119,43.753643174653014,-79.30830520935618
119,43.76338548290121,-79.31041727201664
147,43.776722874994,-79.31814084423561
119,43.76848270509325,-79.31217775023808
118,43.77348463058429,-79.31250213696036
148,43.78728645989754,-79.31104933036747
147,43.78572099974491,-79.31616518063888
118,43.78123563476367,-79.31398717983502
148,43.79408696975677,-79.31322085630437
147,43.792252970578836,-79.31786142505979
148,43.802662539117705,-79.31632399165991
147,43.80087817748417,-79.32092512533085
116,43.8066711362021,-79.31965824251805
116,43.81229286293789,-79.3208128565575
116,43.818649455373055,-79.3221032632575
122,43.672349960710164,-79.27893207690107
063,43.67121605875297,-79.28293326002945
122,43.67818488264429,-79.27991792634656
063,43.67606038380068,-79.28446380633645
062,43.68115386380894,-79.28591499235652
122,43.68653351881682,-79.28249692190238
121,43.691206515238285,-79.28399326737473
062,43.685222848542494,-79.28731455510291
061,43.69037735491067,-79.28891494650821
121,43.69559770637521,-79.28526247549875
120,43.70022447313017,-79.28679843562213
061,43.69396236318601,-79.2900128237299
121,43.70327567400771,-79.28270733322792
120,43.70680188615312,-79.28820182927504
120,43.7165572197727,-79.2902402114684
120,43.724118699274584,-79.29183217637454
119,43.72900244440046,-79.29290385653694
119,43.73612017178738,-79.29439844528477
119,43.7459016477947,-79.29647756219293
119,43.755683123802044,-79.29855667910111
119,43.76546459980939,-79.30063579600929
119,43.77072631046365,-79.30153213238732
118,43.77556671306941,-79.30279882070253
148,43.78817784483736,-79.30828840863722
118,43.78466695440225,-79.30439404671773
148,43.79480902783139,-79.3068731467338
148,43.803917935640506,-79.30879425493056
116,43.80878560967117,-79.3099378339807
116,43.81437197984606,-79.31103138055016
116,43.820827439303535,-79.31234934248529
122,43.68104848684617,-79.27350349464507
122,43.68870063793602,-79.27387343665755
121,43.69306978458756,-79.27644457053148
122,43.695255708155486,-79.27051085289013
121,43.69822417287643,-79.27673809984667
120,43.70261884131836,-79.27448814232642
121,43.70634858095943,-79.28039332036974
120,43.70952606909967,-79.2778403277884
120,43.71863633668087,-79.28045873546105
125,43.73263634159877,-79.27856771643066
120,43.726231925074266,-79.28207449449172
119,43.73105775368805,-79.28330125836962
126,43.741949141936615,-79.28143186697169
125,43.73740979230493,-79.28001378325284
119,43.73785774907502,-79.28537508768721
126,43.74907881080944,-79.28361026445775
119,43.74740759895237,-79.28830684489243
126,43.75853642949221,-79.28653611545546
119,43.75690854882069,-79.29124422744711
126,43.76804555125648,-79.28916193368805
119,43.766628492916894,-79.29394081986258
126,43.77316221317551,-79.29059432851516
119,43.77205558607546,-79.2955435384858
118,43.77773916014106,-79.29303848144359
148,43.791140000832286,-79.29966105125447
128,43.78964295174008,-79.29076347695847
118,43.78702576729982,-79.29509053162789
148,43.79725418698208,-79.29764052175182
130,43.80203292999575,-79.29510892771357
118,43.79354421159096,-79.29421118287073
148,43.805232455058984,-79.30145333525846
130,43.807493518129796,-79.29696724953418
116,43.810270567697046,-79.30312919573728
130,43.81694229397378,-79.30007563761568
116,43.81501708080152,-79.30467809476735
130,43.82314436980167,-79.30205665739852
116,43.82186511177544,-79.30690966860135
122,43.68497594902044,-79.26688073110526
122,43.69174505603095,-79.26491607555411
122,43.699423593665216,-79.26427885925678
121,43.69893052714578,-79.26970656242797
120,43.70345314778802,-79.26749006648866
124,43.715531671912636,-79.26815523974905
120,43.71051605279632,-79.26863840186749
125,43.724293720701084,-79.27449665441358
124,43.72097555345386,-79.26963852434102
120,43.7190073079379,-79.27438156889839
125,43.73103162038908,-79.2732310726581
124,43.72762451279503,-79.26909844151109
120,43.72601260041876,-79.27662080382196
126,43.74352273876532,-79.27612165072219
125,43.73889070177982,-79.27428536301969
126,43.75005988161107,-79.27691461017824
126,43.759841357618406,-79.27899372708643
126,43.769622833625746,-79.2810728439946
128,43.78026624672275,-79.28245048840509
126,43.775061398298895,-79.2820655387764
118,43.77831065233174,-79.28704234684173
128,43.7890007821595,-79.28490176293926
118,43.79136557378513,-79.28911120259143
148,43.798626187155705,-79.29106825310326
130,43.80318860572616,-79.28996774465621
129,43.801283672512405,-79.28394269444092
128,43.79859829903328,-79.28667541035401
118,43.79451043438553,-79.28970513910168
130,43.80833781206203,-79.29135358380184
129,43.80925762893814,-79.28695675204952
130,43.81853021366242,-79.2914684285355
130,43.82517070821853,-79.29283766341563
122,43.696316810797406,-79.25615394608205
122,43.703203643880926,-79.25669456352202
120,43.70676628586913,-79.26216896187849
124,43.717387943690014,-79.25982740156302
122,43.71134577309643,-79.25632976403097
120,43.713351192119624,-79.26039496034578
124,43.722794570497236,-79.26089578344637
138,43.735989906849575,-79.26128705877939
125,43.734738692908905,-79.26615079720429
124,43.730529089578816,-79.26248296372779
138,43.74031630966517,-79.26273721024613
126,43.74594191541101,-79.26921725534574
125,43.74067901578403,-79.26796578460385
157,43.74506850856084,-79.26397658016546
156,43.754876171373986,-79.26440579778053
126,43.75169947265683,-79.26874166299562
157,43.74980932038085,-79.26316614904482
156,43.76273521473974,-79.26675230530995
126,43.76116784417183,-79.27148466850369
156,43.77230439210687,-79.26947940812008
126,43.770731272492974,-79.27421087044713
156,43.77747273897434,-79.27106636827318
128,43.782061737786066,-79.27349535071019
126,43.77641518863314,-79.27593638007427
129,43.79530442389965,-79.27158048488629
128,43.79113429686822,-79.27557469797308
129,43.80192069590261,-79.27749569201318
128,43.79695615374568,-79.27768322396408
130,43.81531941132066,-79.28073129275681
129,43.81046712263388,-79.27951760702386
130,43.8206093305706,-79.28168695252813
130,43.82732466407287,-79.28307951044937
123,43.7005942069822,-79.2439830974743
122,43.699270328314974,-79.24792969054133
123,43.70661040678923,-79.24441746367368
122,43.70459843281484,-79.24891322900865
124,43.71865584354264,-79.25435362266451
123,43.71591237814153,-79.24725503713753
122,43.71374312179827,-79.25160272878774
120,43.71786088373726,-79.25456550120862
124,43.725825592483034,-79.25252874199865
123,43.7231428917026,-79.24854252027752
138,43.7375470226865,-79.25381390362706
124,43.732658294408125,-79.25276497478424
138,43.7408327449247,-79.25515157308371
157,43.74577102954079,-79.25531733133829
156,43.75613303526645,-79.25774982402127
157,43.75123776641305,-79.25673195952275
156,43.76399959143476,-79.25943077507175
156,43.7737810674421,-79.26150989197993
156,43.77917303757852,-79.262793342332
128,43.78409374323509,-79.26368529715299
129,43.794649508704275,-79.26620221058755
128,43.79006651411549,-79.26432727541427
129,43.80312549546411,-79.26774724270444
130,43.817460401709496,-79.27075049547226
129,43.81256018499443,-79.26975597798773
130,43.822688447478775,-79.27190547652081
130,43.829484317437654,-79.27331114769753
123,43.701804173906496,-79.2362831699213
123,43.70815589869391,-79.23763676048185
123,43.717171328306264,-79.23925371452351
138,43.731031968474895,-79.24529521792971
124,43.73033169639405,-79.24646594146297
123,43.72687504212612,-79.24122152993043
138,43.73745124680263,-79.24357378765562
124,43.73330085788365,-79.24722220809844
123,43.73331515098344,-79.24017775601943
138,43.74337368125581,-79.24492834099304
157,43.748253544799105,-79.24580229133949
156,43.75777308612688,-79.24955545212055
142,43.75898731705267,-79.24472046007655
141,43.75589233608781,-79.24276127301555
157,43.7532558848303,-79.24697817552625
156,43.76535945791057,-79.25182037531088
142,43.76692725724021,-79.24708793201907
156,43.77493625922496,-79.25457736582933
142,43.77647482359337,-79.24983315808264
156,43.78048231995816,-79.25629499467124
142,43.781461197400745,-79.25148494807573
128,43.78607561964988,-79.2538802114751
129,43.7979122022851,-79.25688794041882
128,43.79330571601783,-79.25503486312634
130,43.810506194657506,-79.2558940144561
129,43.80510333223008,-79.25800534494947
130,43.8160328223563,-79.2580170472385
129,43.81385704952047,-79.26223216911357
130,43.82476756438697,-79.26212400051344
130,43.83165511414532,-79.26354568684285
123,43.71106560467332,-79.22920405878627
123,43.71930047614919,-79.22955219881526
123,43.72903192122178,-79.23155135542434
141,43.743847516788925,-79.2297566986571
138,43.740860695996254,-79.23472259121384
123,43.736477847752454,-79.23247515836616
141,43.75082683897027,-79.2321846274523
138,43.74767679969658,-79.23570742313099
157,43.750575791462985,-79.23977706958394
142,43.76024886669539,-79.23818960119665
141,43.75575358710836,-79.23624211223857
138,43.753350538743625,-79.23751800239633
157,43.753951727916295,-79.24037488222393
142,43.76815782525112,-79.23986782305705
142,43.777939301258456,-79.24194693996523
142,43.7832488948377,-79.2429094037235
128,43.78810133604706,-79.24412108445266
145,43.802966828423514,-79.24225445351126
129,43.80103929868237,-79.24791264642488
128,43.79657015875462,-79.24564556672239
145,43.806259223232374,-79.24323510567996
130,43.811919553321175,-79.24923206390433
129,43.80707546822062,-79.24833614685639
144,43.82149546209651,-79.24641419198785
130,43.81697151707858,-79.25034480832326
144,43.82846947134841,-79.24864128704644
130,43.826459510002906,-79.25322557951819
144,43.83455638392937,-79.24998994441714
130,43.83361726552907,-79.25487110233176
123,43.72340265604701,-79.22093604827128
139,43.73245042568735,-79.2205964707289
123,43.72904353139882,-79.22358117768349
141,43.744092910796894,-79.22710627009779
139,43.74065793719915,-79.22295270106234
138,43.741629251917495,-79.22905854249146
123,43.73762650348205,-79.22761831131153
141,43.75075816483714,-79.2260418079202
139,43.7471007909456,-79.22110179606142
142,43.761943251004155,-79.22984701867144
141,43.75932117410272,-79.22660456933428
142,43.769546838776236,-79.2321385351203
141,43.77113565046215,-79.22741382217404
142,43.78031959105196,-79.23242877650173
141,43.77633014168616,-79.22894083946561
146,43.79078956371591,-79.23340616027703
145,43.794875708152574,-79.23413914767839
142,43.78569099394033,-79.23278069123222
128,43.7889490503924,-79.23800041963707
145,43.79971476935027,-79.2361803112963
128,43.79590073948364,-79.24027988938039
145,43.809031473574734,-79.23817805684821
144,43.814123455846065,-79.2388220457207
130,43.81308686862588,-79.24372517195687
129,43.811492581356944,-79.24344000034553
144,43.81927230460515,-79.24035841818977
130,43.81512140940167,-79.24436436858814
144,43.828925798203315,-79.24256104849876
144,43.835999707141205,-79.2440279787263
139,43.727380124098275,-79.21373839742049
123,43.72645481369106,-79.21495999116239
140,43.73770357432076,-79.20802574629865
139,43.73372387885228,-79.21267454829922
123,43.72745834074625,-79.21549705236033
140,43.74376055220879,-79.20925301718293
139,43.74296518239242,-79.21410687413633
141,43.753712032615375,-79.21643400174663
140,43.75012472588662,-79.21077656805444
139,43.748831179291976,-79.21532200912426
141,43.762534583060145,-79.21822575413418
141,43.77128889475412,-79.22161461725004
135,43.7741516772511,-79.21796425822758
142,43.782208756154795,-79.22317345027216
141,43.777357283006694,-79.22414831381406
135,43.78310437069174,-79.21961052827288
146,43.79319789158797,-79.22514213135717
145,43.796780781627,-79.22491736016397
142,43.78754744911453,-79.22568260141882
135,43.78960505681613,-79.22137737916253
145,43.801660487089485,-79.22654222176689
146,43.81068188587067,-79.22375691050358
145,43.81120569034479,-79.22862481543154
144,43.81608250073657,-79.22964375325085
144,43.82122343910416,-79.23070045558326
144,43.8310049151115,-79.23277957249144
144,43.83818099480764,-79.23426146799967
140,43.73832439209071,-79.20288533112031
139,43.73563676889986,-79.206226806537
140,43.74508868661565,-79.20415819670416
139,43.74371080795763,-79.20880144132504
141,43.75640302813457,-79.20743793013867
140,43.751579690077826,-79.20544269616953
136,43.75624718639816,-79.20251290974221
141,43.763989408727895,-79.20910228581975
135,43.767438545179346,-79.20546686989209
141,43.77008633846335,-79.2116952672713
135,43.77503184696765,-79.21035023996546
142,43.78195367969146,-79.21497916114346
135,43.784597236774,-79.21215285158934
146,43.79628910573884,-79.21512177905514
145,43.79797046632843,-79.21913043055004
135,43.79143167614793,-79.21413782876235
146,43.803975122503736,-79.2150070029728
145,43.80332201238373,-79.21987026056155
146,43.81312660907283,-79.21787118287627
145,43.81446332520291,-79.22211642294826
144,43.817722905590784,-79.2216796712162
146,43.819256079339496,-79.21740418909424
145,43.81921836810984,-79.21951449971728
144,43.82353050365372,-79.22102290901182
144,43.83308403201968,-79.22299809648408
144,43.84034133120926,-79.22452404708864
140,43.74069359539467,-79.19704313329137
140,43.74748607041334,-79.19490119096358
141,43.76070475779652,-79.20220954061132
140,43.753654066965396,-79.19593569357187
136,43.75855292554238,-79.19689914413792
141,43.76319372722573,-79.20234672592865
136,43.76634641801206,-79.19767595620564
135,43.76904220403558,-79.20216029288675
136,43.77392381970554,-79.19722698219292
135,43.77692274009354,-79.20135994694076
135,43.786255768891166,-79.20282103593586
146,43.79818112501838,-79.20525732036198
135,43.793251395429536,-79.20443603410394
146,43.805745548898265,-79.2070396659518
144,43.81047171007659,-79.20313869093174
146,43.81330248107368,-79.21046056645349
144,43.817344621077375,-79.20799385279966
144,43.825381672920514,-79.21113750356858
144,43.83516314892786,-79.21321662047676
144,43.84246674379992,-79.2147521466565
140,43.75128481417977,-79.18562074694665
140,43.75565115011556,-79.18613957334101
136,43.760555384578744,-79.18711274561652
136,43.76877193378468,-79.18888132611218
136,43.77610092631661,-79.19015549918909
135,43.78003875409141,-79.19399618038207
134,43.78166143669662,-79.18908794416397
135,43.78747564575707,-79.19595140192435
134,43.7888877370557,-79.19116602584437
146,43.79878111194551,-79.19933427010348
144,43.80019375794526,-79.19454730966636
135,43.79438782684295,-79.19792471793262
134,43.795291533691696,-79.19306951928925
146,43.80436534861105,-79.20108048644072
144,43.80807958807705,-79.1969980251459
144,43.81767931382136,-79.19927691065307
144,43.8274607898287,-79.2013560275612
144,43.83724226583603,-79.2034351444694
144,43.84459323394848,-79.20497604107996
140,43.754647933839784,-79.17659029949627
136,43.756623148601,-79.17136650256616
140,43.75714771257306,-79.17799884016756
136,43.76199819722266,-79.17678913602394
136,43.770851050692855,-79.17909985010482
136,43.778215605682746,-79.18100706258002
134,43.78316427167453,-79.18135903834389
134,43.79041400270753,-79.18325808392117
144,43.80079617890073,-79.1893638786241
143,43.80190835303918,-79.18472344968906
134,43.796768044537835,-79.18478799014022
144,43.8099769547222,-79.18741631773754
144,43.81975843072953,-79.18949543464569
144,43.82953990673687,-79.19157455155388
144,43.8393213827442,-79.19365366846205
144,43.846779514753,-79.19520072134884
136,43.7575735706029,-79.1662618255083
136,43.7631486915937,-79.1672392571893
136,43.77290628149537,-79.16933481365204
133,43.778332580082186,-79.16560017674212
136,43.77868880735186,-79.17176608622643
134,43.78497233747303,-79.17252394208029
133,43.781584050890984,-79.16954264324976
134,43.792493119615706,-79.17347660791384
144,43.80698821174177,-79.17729836845338
143,43.80340942525591,-79.17569427915926
134,43.79847617288103,-79.1750665812667
144,43.81205607163038,-79.1776348417302
144,43.821837547637706,-79.17971395863836
144,43.83161902364505,-79.18179307554654
144,43.84140049965239,-79.18387219245473
144,43.84900153565279,-79.18543891427656
136,43.75973144926055,-79.15589971131197
136,43.76522780850188,-79.15745778118196
136,43.773391721665504,-79.16048604648091
133,43.777456831136,-79.15810073444973
134,43.78821559224413,-79.16473061171838
133,43.784322666356154,-79.16119032268622
143,43.799007575755226,-79.16144778467047
134,43.79413118887914,-79.16397757272514
133,43.790824704410305,-79.15846803673573
144,43.80930509134057,-79.1661704196388
143,43.80456287799922,-79.16566340917757
134,43.7993441982655,-79.16822054555594
144,43.81414397635637,-79.16786058869049
143,43.80981288155488,-79.16430076498824
144,43.823916664545905,-79.16993248263103
144,43.83369814055323,-79.17201159953919
144,43.84347961656057,-79.17409071644737
144,43.85121317873021,-79.17570199607425
136,43.76113332540832,-79.15103480930263
136,43.76711472656416,-79.14959869786564
133,43.77057467655602,-79.14591382835282
136,43.77172924331443,-79.1527365254156
133,43.77716959118249,-79.14971025919066
133,43.786869877424735,-79.15183453899098
143,43.79887289136973,-79.15399419955945
134,43.7945827039769,-79.1562946417482
133,43.79351433509441,-79.15202244618814
143,43.80643282943941,-79.15599277280732
144,43.81618749370538,-79.15818503092342
143,43.811520801002246,-79.1564887959582
144,43.825566768526315,-79.16109557663349
144,43.835040086041694,-79.16418847032169
144,43.84442138986944,-79.16726786341094
144,43.852164886528456,-79.16983131711726
143,43.77478047222544,-79.13426977047301
133,43.77216129251952,-79.13987471184464
143,43.780914018607554,-79.13620669018964
133,43.77880304439884,-79.14076012776687
143,43.79002928597628,-79.13906974583924
133,43.78833297668039,-79.14375424806201
143,43.799716240136505,-79.14350526449383
133,43.79565992960837,-79.14608493729217
143,43.80748742377108,-79.14669440467402
144,43.81437500942795,-79.15224763754608
143,43.813103952568774,-79.1510561091017
143,43.775119583803416,-79.13387948557049
143,43.7824611380539,-79.13126675391734
143,43.79102811124109,-79.1322715869763
143,43.80001165714125,-79.13496169703275
143,43.80665393548632,-79.13792276104085
143,43.786306008548536,-79.1245312238334
143,43.79285399158637,-79.12366938240397
143,43.79886741148001,-79.12681436071797
